0,MMM
1,AOS
2,ABT
3,ABBV
4,ACN
5,ADBE
6,AMD
7,AES
8,AFL
9,A
10,APD
11,ABNB
12,AKAM
13,ALB
14,ARE
15,ALGN
16,ALLE
17,LNT
18,ALL
19,GOOGL
20,GOOG
21,MO
22,AMZN
23,AMCR
24,AEE
25,AEP
26,AXP
27,AIG
28,AMT
29,AWK
30,AMP
31,AME
32,AMGN
33,APH
34,ADI
35,AON
36,APA
37,APO
38,AAPL
39,AMAT
40,APP
41,APTV
42,ACGL
43,ADM
44,ANET
45,AJG
46,AIZ
47,T
48,ATO
49,ADSK
50,ADP
51,AZO
52,AVB
53,AVY
54,AXON
55,BKR
56,BALL
57,BAC
58,BAX
59,BDX
60,BRK.B
61,BBY
62,TECH
63,BIIB
64,BLK
65,BX
66,XYZ
67,BK
68,BA
69,BKNG
70,BSX
71,BMY
72,AVGO
73,BR
74,BRO
75,BF.B
76,BLDR
77,BG
78,BXP
79,CHRW
80,CDNS
81,CPT
82,CPB
83,COF
84,CAH
85,KMX
86,CCL
87,CARR
88,CAT
89,CBOE
90,CBRE
91,CDW
92,COR
93,CNC
94,CNP
95,CF
96,CRL
97,SCHW
98,CHTR
99,CVX
100,CMG
101,CB
102,CHD
103,CI
104,CINF
105,CTAS
106,CSCO
107,C
108,CFG
109,CLX
110,CME
111,CMS
112,KO
113,CTSH
114,COIN
115,CL
116,CMCSA
117,CAG
118,COP
119,ED
120,STZ
121,CEG
122,COO
123,CPRT
124,GLW
125,CPAY
126,CTVA
127,CSGP
128,COST
129,CTRA
130,CRWD
131,CCI
132,CSX
133,CMI
134,CVS
135,DHR
136,DRI
137,DDOG
138,DVA
139,DAY
140,DECK
141,DE
142,DELL
143,DAL
144,DVN
145,DXCM
146,FANG
147,DLR
148,DG
149,DLTR
150,D
151,DPZ
152,DASH
153,DOV
154,DOW
155,DHI
156,DTE
157,DUK
158,DD
159,EMN
160,ETN
161,EBAY
162,ECL
163,EIX
164,EW
165,EA
166,ELV
167,EME
168,EMR
169,ETR
170,EOG
171,EPAM
172,EQT
173,EFX
174,EQIX
175,EQR
176,ERIE
177,ESS
178,EL
179,EG
180,EVRG
181,ES
182,EXC
183,EXE
184,EXPE
185,EXPD
186,EXR
187,XOM
188,FFIV
189,FDS
190,FICO
191,FAST
192,FRT
193,FDX
194,FIS
195,FITB
196,FSLR
197,FE
198,FI
199,F
200,FTNT
201,FTV
202,FOXA
203,FOX
204,BEN
205,FCX
206,GRMN
207,IT
208,GE
209,GEHC
210,GEV
211,GEN
212,GNRC
213,GD
214,GIS
215,GM
216,GPC
217,GILD
218,GPN
219,GL
220,GDDY
221,GS
222,HAL
223,HIG
224,HAS
225,HCA
226,DOC
227,HSIC
228,HSY
229,HPE
230,HLT
231,HOLX
232,HD
233,HON
234,HRL
235,HST
236,HWM
237,HPQ
238,HUBB
239,HUM
240,HBAN
241,HII
242,IBM
243,IEX
244,IDXX
245,ITW
246,INCY
247,IR
248,PODD
249,INTC
250,IBKR
251,ICE
252,IFF
253,IP
254,IPG
255,INTU
256,ISRG
257,IVZ
258,INVH
259,IQV
260,IRM
261,JBHT
262,JBL
263,JKHY
264,J
265,JNJ
266,JCI
267,JPM
268,K
269,KVUE
270,KDP
271,KEY
272,KEYS
273,KMB
274,KIM
275,KMI
276,KKR
277,KLAC
278,KHC
279,KR
280,LHX
281,LH
282,LRCX
283,LW
284,LVS
285,LDOS
286,LEN
287,LII
288,LLY
289,LIN
290,LYV
291,LKQ
292,LMT
293,L
294,LOW
295,LULU
296,LYB
297,MTB
298,MPC
299,MAR
300,MMC
301,MLM
302,MAS
303,MA
304,MTCH
305,MKC
306,MCD
307,MCK
308,MDT
309,MRK
310,META
311,MET
312,MTD
313,MGM
314,MCHP
315,MU
316,MSFT
317,MAA
318,MRNA
319,MHK
320,MOH
321,TAP
322,MDLZ
323,MPWR
324,MNST
325,MCO
326,MS
327,MOS
328,MSI
329,MSCI
330,NDAQ
331,NTAP
332,NFLX
333,NEM
334,NWSA
335,NWS
336,NEE
337,NKE
338,NI
339,NDSN
340,NSC
341,NTRS
342,NOC
343,NCLH
344,NRG
345,NUE
346,NVDA
347,NVR
348,NXPI
349,ORLY
350,OXY
351,ODFL
352,OMC
353,ON
354,OKE
355,ORCL
356,OTIS
357,PCAR
358,PKG
359,PLTR
360,PANW
361,PSKY
362,PH
363,PAYX
364,PAYC
365,PYPL
366,PNR
367,PEP
368,PFE
369,PCG
370,PM
371,PSX
372,PNW
373,PNC
374,POOL
375,PPG
376,PPL
377,PFG
378,PG
379,PGR
380,PLD
381,PRU
382,PEG
383,PTC
384,PSA
385,PHM
386,PWR
387,QCOM
388,DGX
389,RL
390,RJF
391,RTX
392,O
393,REG
394,REGN
395,RF
396,RSG
397,RMD
398,RVTY
399,HOOD
400,ROK
401,ROL
402,ROP
403,ROST
404,RCL
405,SPGI
406,CRM
407,SBAC
408,SLB
409,STX
410,SRE
411,NOW
412,SHW
413,SPG
414,SWKS
415,SJM
416,SW
417,SNA
418,SOLV
419,SO
420,LUV
421,SWK
422,SBUX
423,STT
424,STLD
425,STE
426,SYK
427,SMCI
428,SYF
429,SNPS
430,SYY
431,TMUS
432,TROW
433,TTWO
434,TPR
435,TRGP
436,TGT
437,TEL
438,TDY
439,TER
440,TSLA
441,TXN
442,TPL
443,TXT
444,TMO
445,TJX
446,TKO
447,TTD
448,TSCO
449,TT
450,TDG
451,TRV
452,TRMB
453,TFC
454,TYL
455,TSN
456,USB
457,UBER
458,UDR
459,ULTA
460,UNP
461,UAL
462,UPS
463,URI
464,UNH
465,UHS
466,VLO
467,VTR
468,VLTO
469,VRSN
470,VRSK
471,VZ
472,VRTX
473,VTRS
474,VICI
475,V
476,VST
477,VMC
478,WRB
479,GWW
480,WAB
481,WMT
482,DIS
483,WBD
484,WM
485,WAT
486,WEC
487,WFC
488,WELL
489,WST
490,WDC
491,WY
492,WSM
493,WMB
494,WTW
495,WDAY
496,WYNN
497,XEL
498,XYL
499,YUM
500,ZBRA
501,ZBH
502,ZTS
